,dish_id,cross_id,genotype,date_fertilized,date_created,initial_count,check_date,fish_deaths,cumulative_deaths,remaining,survival_rate,days_since_fertilization,status,termination_date,termination_reason,responsible,in_beaker,vol_water_total,room,water_changed,vol_water_changed,date_fertilized_dt,date_created_dt,check_date_dt,termination_date_dt,mortality_rate,genotype_simple,fish_density,density_category,volume_per_fish
0,14781_1,14781,Casper_HHMI,20250122,20250212,22,20250129,0,0,22,100.0,7,inactive,20250204.0,euthanasia,Jeremy Delahanty,No,80,"('2E.282',)",Yes,60,2025-01-22,2025-02-12,2025-01-29,2025-02-04,0.0,Casper,0.275,High (2-4mL/fish),3.6363636363636362
1,14781_1,14781,Casper_HHMI,20250122,20250212,22,20250130,0,0,22,100.0,8,inactive,20250204.0,euthanasia,Jeremy Delahanty,No,80,"('2E.282',)",Yes,60,2025-01-22,2025-02-12,2025-01-30,2025-02-04,0.0,Casper,0.275,High (2-4mL/fish),3.6363636363636362
2,14781_1,14781,Casper_HHMI,20250122,20250212,22,20250131,1,1,21,95.45454545454544,9,inactive,20250204.0,euthanasia,Jeremy Delahanty,No,80,"('2E.282',)",Yes,60,2025-01-22,2025-02-12,2025-01-31,2025-02-04,4.545454545454546,Casper,0.275,High (2-4mL/fish),3.6363636363636362
3,14781_1,14781,Casper_HHMI,20250122,20250212,22,20250201,1,2,20,90.9090909090909,10,inactive,20250204.0,euthanasia,Jeremy Delahanty,No,80,"('2E.282',)",Yes,60,2025-01-22,2025-02-12,2025-02-01,2025-02-04,9.090909090909092,Casper,0.275,High (2-4mL/fish),3.6363636363636362
4,14781_1,14781,Casper_HHMI,20250122,20250212,22,20250202,3,5,17,77.27272727272727,11,inactive,20250204.0,euthanasia,Jeremy Delahanty,No,80,"('2E.282',)",Yes,60,2025-01-22,2025-02-12,2025-02-02,2025-02-04,22.727272727272727,Casper,0.275,High (2-4mL/fish),3.6363636363636362
5,14781_1,14781,Casper_HHMI,20250122,20250212,22,20250203,6,11,11,50.0,12,inactive,20250204.0,euthanasia,Jeremy Delahanty,No,80,"('2E.282',)",Yes,60,2025-01-22,2025-02-12,2025-02-03,2025-02-04,50.0,Casper,0.275,High (2-4mL/fish),3.6363636363636362
6,14781_2,14781,Casper_HHMI,20250122,20250212,90,20250130,0,0,90,100.0,8,inactive,20250205.0,euthanasia,Jeremy Delahanty,Yes,80,"('2E.282',)",Yes,60,2025-01-22,2025-02-12,2025-01-30,2025-02-05,0.0,Casper,1.125,Very High (<2mL/fish),0.8888888888888888
7,14781_2,14781,Casper_HHMI,20250122,20250212,90,20250131,5,5,85,94.44444444444444,9,inactive,20250205.0,euthanasia,Jeremy Delahanty,Yes,80,"('2E.282',)",Yes,60,2025-01-22,2025-02-12,2025-01-31,2025-02-05,5.555555555555555,Casper,1.125,Very High (<2mL/fish),0.8888888888888888
8,14781_2,14781,Casper_HHMI,20250122,20250212,90,20250201,0,5,85,94.44444444444444,10,inactive,20250205.0,euthanasia,Jeremy Delahanty,Yes,80,"('2E.282',)",Yes,60,2025-01-22,2025-02-12,2025-02-01,2025-02-05,5.555555555555555,Casper,1.125,Very High (<2mL/fish),0.8888888888888888
9,14781_2,14781,Casper_HHMI,20250122,20250212,90,20250202,31,36,54,60.0,11,inactive,20250205.0,euthanasia,Jeremy Delahanty,Yes,80,"('2E.282',)",Yes,60,2025-01-22,2025-02-12,2025-02-02,2025-02-05,40.0,Casper,1.125,Very High (<2mL/fish),0.8888888888888888
10,14781_2,14781,Casper_HHMI,20250122,20250212,90,20250203,36,72,18,20.0,12,inactive,20250205.0,euthanasia,Jeremy Delahanty,Yes,80,"('2E.282',)",Yes,60,2025-01-22,2025-02-12,2025-02-03,2025-02-05,80.0,Casper,1.125,Very High (<2mL/fish),0.8888888888888888
11,14781_2,14781,Casper_HHMI,20250122,20250212,90,20250204,8,80,10,11.11111111111111,13,inactive,20250205.0,euthanasia,Jeremy Delahanty,Yes,80,"('2E.282',)",Yes,60,2025-01-22,2025-02-12,2025-02-04,2025-02-05,88.88888888888889,Casper,1.125,Very High (<2mL/fish),0.8888888888888888
12,14781_3,14781,Casper_HHMI,20250122,20250218,80,20250130,0,0,80,100.0,8,inactive,20250205.0,euthanasia,Jeremy Delahanty,Yes,80,"('2E.282',)",Yes,60,2025-01-22,2025-02-18,2025-01-30,2025-02-05,0.0,Casper,1.0,Very High (<2mL/fish),1.0
13,14781_3,14781,Casper_HHMI,20250122,20250218,80,20250131,6,6,74,92.5,9,inactive,20250205.0,euthanasia,Jeremy Delahanty,Yes,80,"('2E.282',)",Yes,60,2025-01-22,2025-02-18,2025-01-31,2025-02-05,7.5,Casper,1.0,Very High (<2mL/fish),1.0
14,14781_3,14781,Casper_HHMI,20250122,20250218,80,20250201,14,20,60,75.0,10,inactive,20250205.0,euthanasia,Jeremy Delahanty,Yes,80,"('2E.282',)",Yes,60,2025-01-22,2025-02-18,2025-02-01,2025-02-05,25.0,Casper,1.0,Very High (<2mL/fish),1.0
15,14781_3,14781,Casper_HHMI,20250122,20250218,80,20250202,11,31,49,61.25000000000001,11,inactive,20250205.0,euthanasia,Jeremy Delahanty,Yes,80,"('2E.282',)",Yes,60,2025-01-22,2025-02-18,2025-02-02,2025-02-05,38.75,Casper,1.0,Very High (<2mL/fish),1.0
16,14781_3,14781,Casper_HHMI,20250122,20250218,80,20250203,21,52,28,35.0,12,inactive,20250205.0,euthanasia,Jeremy Delahanty,Yes,80,"('2E.282',)",Yes,60,2025-01-22,2025-02-18,2025-02-03,2025-02-05,65.0,Casper,1.0,Very High (<2mL/fish),1.0
17,14781_3,14781,Casper_HHMI,20250122,20250218,80,20250204,13,65,15,18.75,13,inactive,20250205.0,euthanasia,Jeremy Delahanty,Yes,80,"('2E.282',)",Yes,60,2025-01-22,2025-02-18,2025-02-04,2025-02-05,81.25,Casper,1.0,Very High (<2mL/fish),1.0
18,14781_3,14781,Casper_HHMI,20250122,20250218,80,20250205,3,68,12,15.0,14,inactive,20250205.0,euthanasia,Jeremy Delahanty,Yes,80,"('2E.282',)",Yes,60,2025-01-22,2025-02-18,2025-02-05,2025-02-05,85.0,Casper,1.0,Very High (<2mL/fish),1.0
19,14781_4,14781,Casper_HHMI,20250122,20250218,105,20250130,0,0,105,100.0,8,inactive,20250205.0,euthanasia,Jeremy Delahanty,Yes,80,"('2E.282',)",Yes,60,2025-01-22,2025-02-18,2025-01-30,2025-02-05,0.0,Casper,1.3125,Very High (<2mL/fish),0.7619047619047619
20,14781_4,14781,Casper_HHMI,20250122,20250218,105,20250131,10,10,95,90.47619047619048,9,inactive,20250205.0,euthanasia,Jeremy Delahanty,Yes,80,"('2E.282',)",Yes,60,2025-01-22,2025-02-18,2025-01-31,2025-02-05,9.523809523809524,Casper,1.3125,Very High (<2mL/fish),0.7619047619047619
21,14781_4,14781,Casper_HHMI,20250122,20250218,105,20250201,20,30,75,71.42857142857143,10,inactive,20250205.0,euthanasia,Jeremy Delahanty,Yes,80,"('2E.282',)",Yes,60,2025-01-22,2025-02-18,2025-02-01,2025-02-05,28.57142857142857,Casper,1.3125,Very High (<2mL/fish),0.7619047619047619
22,14781_4,14781,Casper_HHMI,20250122,20250218,105,20250202,12,42,63,60.0,11,inactive,20250205.0,euthanasia,Jeremy Delahanty,Yes,80,"('2E.282',)",Yes,60,2025-01-22,2025-02-18,2025-02-02,2025-02-05,40.0,Casper,1.3125,Very High (<2mL/fish),0.7619047619047619
23,14781_4,14781,Casper_HHMI,20250122,20250218,105,20250203,45,87,18,17.142857142857142,12,inactive,20250205.0,euthanasia,Jeremy Delahanty,Yes,80,"('2E.282',)",Yes,60,2025-01-22,2025-02-18,2025-02-03,2025-02-05,82.85714285714286,Casper,1.3125,Very High (<2mL/fish),0.7619047619047619
24,14781_4,14781,Casper_HHMI,20250122,20250218,105,20250204,3,90,15,14.285714285714285,13,inactive,20250205.0,euthanasia,Jeremy Delahanty,Yes,80,"('2E.282',)",Yes,60,2025-01-22,2025-02-18,2025-02-04,2025-02-05,85.71428571428571,Casper,1.3125,Very High (<2mL/fish),0.7619047619047619
25,14781_4,14781,Casper_HHMI,20250122,20250218,105,20250205,3,93,12,11.428571428571429,14,inactive,20250205.0,euthanasia,Jeremy Delahanty,Yes,80,"('2E.282',)",Yes,60,2025-01-22,2025-02-18,2025-02-05,2025-02-05,88.57142857142857,Casper,1.3125,Very High (<2mL/fish),0.7619047619047619
26,14781_5,14781,Casper_HHMI,20250122,20250218,160,20250130,0,0,160,100.0,8,inactive,20250205.0,euthanasia,Jeremy Delahanty,No,80,"('2E.282',)",Yes,60,2025-01-22,2025-02-18,2025-01-30,2025-02-05,0.0,Casper,2.0,Very High (<2mL/fish),0.5
27,14781_5,14781,Casper_HHMI,20250122,20250218,160,20250131,21,21,139,86.875,9,inactive,20250205.0,euthanasia,Jeremy Delahanty,No,80,"('2E.282',)",Yes,60,2025-01-22,2025-02-18,2025-01-31,2025-02-05,13.125,Casper,2.0,Very High (<2mL/fish),0.5
28,14781_5,14781,Casper_HHMI,20250122,20250218,160,20250201,30,51,109,68.125,10,inactive,20250205.0,euthanasia,Jeremy Delahanty,No,80,"('2E.282',)",Yes,60,2025-01-22,2025-02-18,2025-02-01,2025-02-05,31.874999999999996,Casper,2.0,Very High (<2mL/fish),0.5
29,14781_5,14781,Casper_HHMI,20250122,20250218,160,20250202,23,74,86,53.75,11,inactive,20250205.0,euthanasia,Jeremy Delahanty,No,80,"('2E.282',)",Yes,60,2025-01-22,2025-02-18,2025-02-02,2025-02-05,46.25,Casper,2.0,Very High (<2mL/fish),0.5
30,14781_5,14781,Casper_HHMI,20250122,20250218,160,20250203,22,96,64,40.0,12,inactive,20250205.0,euthanasia,Jeremy Delahanty,No,80,"('2E.282',)",Yes,60,2025-01-22,2025-02-18,2025-02-03,2025-02-05,60.0,Casper,2.0,Very High (<2mL/fish),0.5
31,14781_5,14781,Casper_HHMI,20250122,20250218,160,20250204,6,102,58,36.25,13,inactive,20250205.0,euthanasia,Jeremy Delahanty,No,80,"('2E.282',)",Yes,60,2025-01-22,2025-02-18,2025-02-04,2025-02-05,63.74999999999999,Casper,2.0,Very High (<2mL/fish),0.5
32,14783_10,14783,Casper_HHMI,20250121,20250218,21,20250128,0,0,21,100.0,7,inactive,20250204.0,euthanasia,Jeremy Delahanty,No,80,"('2E.282',)",Yes,60,2025-01-21,2025-02-18,2025-01-28,2025-02-04,0.0,Casper,0.2625,High (2-4mL/fish),3.8095238095238093
33,14783_10,14783,Casper_HHMI,20250121,20250218,21,20250129,0,0,21,100.0,8,inactive,20250204.0,euthanasia,Jeremy Delahanty,No,80,"('2E.282',)",Yes,60,2025-01-21,2025-02-18,2025-01-29,2025-02-04,0.0,Casper,0.2625,High (2-4mL/fish),3.8095238095238093
34,14783_10,14783,Casper_HHMI,20250121,20250218,21,20250130,0,0,21,100.0,9,inactive,20250204.0,euthanasia,Jeremy Delahanty,No,80,"('2E.282',)",Yes,60,2025-01-21,2025-02-18,2025-01-30,2025-02-04,0.0,Casper,0.2625,High (2-4mL/fish),3.8095238095238093
35,14783_10,14783,Casper_HHMI,20250121,20250218,21,20250131,1,1,20,95.23809523809524,10,inactive,20250204.0,euthanasia,Jeremy Delahanty,No,80,"('2E.282',)",Yes,60,2025-01-21,2025-02-18,2025-01-31,2025-02-04,4.761904761904762,Casper,0.2625,High (2-4mL/fish),3.8095238095238093
36,14783_10,14783,Casper_HHMI,20250121,20250218,21,20250201,0,1,20,95.23809523809524,11,inactive,20250204.0,euthanasia,Jeremy Delahanty,No,80,"('2E.282',)",Yes,60,2025-01-21,2025-02-18,2025-02-01,2025-02-04,4.761904761904762,Casper,0.2625,High (2-4mL/fish),3.8095238095238093
37,14783_10,14783,Casper_HHMI,20250121,20250218,21,20250202,2,3,18,85.71428571428571,12,inactive,20250204.0,euthanasia,Jeremy Delahanty,No,80,"('2E.282',)",Yes,60,2025-01-21,2025-02-18,2025-02-02,2025-02-04,14.285714285714285,Casper,0.2625,High (2-4mL/fish),3.8095238095238093
38,14783_10,14783,Casper_HHMI,20250121,20250218,21,20250203,5,8,13,61.90476190476191,13,inactive,20250204.0,euthanasia,Jeremy Delahanty,No,80,"('2E.282',)",Yes,60,2025-01-21,2025-02-18,2025-02-03,2025-02-04,38.095238095238095,Casper,0.2625,High (2-4mL/fish),3.8095238095238093
39,14783_10,14783,Casper_HHMI,20250121,20250218,21,20250204,1,9,12,57.14285714285714,14,inactive,20250204.0,euthanasia,Jeremy Delahanty,No,80,"('2E.282',)",Yes,60,2025-01-21,2025-02-18,2025-02-04,2025-02-04,42.857142857142854,Casper,0.2625,High (2-4mL/fish),3.8095238095238093
40,14783_1,14783,Casper_HHMI,20250121,20250218,13,20250128,0,0,13,100.0,7,inactive,20250204.0,euthanasia,Jeremy Delahanty,No,80,"('2E.282',)",Yes,60,2025-01-21,2025-02-18,2025-01-28,2025-02-04,0.0,Casper,0.1625,Medium (4-8mL/fish),6.153846153846154
41,14783_1,14783,Casper_HHMI,20250121,20250218,13,20250129,0,0,13,100.0,8,inactive,20250204.0,euthanasia,Jeremy Delahanty,No,80,"('2E.282',)",Yes,60,2025-01-21,2025-02-18,2025-01-29,2025-02-04,0.0,Casper,0.1625,Medium (4-8mL/fish),6.153846153846154
42,14783_1,14783,Casper_HHMI,20250121,20250218,13,20250130,0,0,13,100.0,9,inactive,20250204.0,euthanasia,Jeremy Delahanty,No,80,"('2E.282',)",Yes,60,2025-01-21,2025-02-18,2025-01-30,2025-02-04,0.0,Casper,0.1625,Medium (4-8mL/fish),6.153846153846154
43,14783_1,14783,Casper_HHMI,20250121,20250218,13,20250131,1,1,12,92.3076923076923,10,inactive,20250204.0,euthanasia,Jeremy Delahanty,No,80,"('2E.282',)",Yes,60,2025-01-21,2025-02-18,2025-01-31,2025-02-04,7.6923076923076925,Casper,0.1625,Medium (4-8mL/fish),6.153846153846154
44,14783_1,14783,Casper_HHMI,20250121,20250218,13,20250201,0,1,12,92.3076923076923,11,inactive,20250204.0,euthanasia,Jeremy Delahanty,No,80,"('2E.282',)",Yes,60,2025-01-21,2025-02-18,2025-02-01,2025-02-04,7.6923076923076925,Casper,0.1625,Medium (4-8mL/fish),6.153846153846154
45,14783_1,14783,Casper_HHMI,20250121,20250218,13,20250202,5,6,7,53.84615384615385,12,inactive,20250204.0,euthanasia,Jeremy Delahanty,No,80,"('2E.282',)",Yes,60,2025-01-21,2025-02-18,2025-02-02,2025-02-04,46.15384615384615,Casper,0.1625,Medium (4-8mL/fish),6.153846153846154
46,14783_1,14783,Casper_HHMI,20250121,20250218,13,20250203,0,6,7,53.84615384615385,13,inactive,20250204.0,euthanasia,Jeremy Delahanty,No,80,"('2E.282',)",Yes,60,2025-01-21,2025-02-18,2025-02-03,2025-02-04,46.15384615384615,Casper,0.1625,Medium (4-8mL/fish),6.153846153846154
47,14783_1,14783,Casper_HHMI,20250121,20250218,13,20250204,0,6,7,53.84615384615385,14,inactive,20250204.0,euthanasia,Jeremy Delahanty,No,80,"('2E.282',)",Yes,60,2025-01-21,2025-02-18,2025-02-04,2025-02-04,46.15384615384615,Casper,0.1625,Medium (4-8mL/fish),6.153846153846154
48,14783_2,14783,Casper_HHMI,20250121,20250218,20,20250128,0,0,20,100.0,7,inactive,20250204.0,euthanasia,Jeremy Delahanty,No,80,"('2E.282',)",Yes,60,2025-01-21,2025-02-18,2025-01-28,2025-02-04,0.0,Casper,0.25,High (2-4mL/fish),4.0
49,14783_2,14783,Casper_HHMI,20250121,20250218,20,20250129,1,1,19,95.0,8,inactive,20250204.0,euthanasia,Jeremy Delahanty,No,80,"('2E.282',)",Yes,60,2025-01-21,2025-02-18,2025-01-29,2025-02-04,5.0,Casper,0.25,High (2-4mL/fish),4.0
50,14783_2,14783,Casper_HHMI,20250121,20250218,20,20250130,2,3,17,85.0,9,inactive,20250204.0,euthanasia,Jeremy Delahanty,No,80,"('2E.282',)",Yes,60,2025-01-21,2025-02-18,2025-01-30,2025-02-04,15.0,Casper,0.25,High (2-4mL/fish),4.0
51,14783_2,14783,Casper_HHMI,20250121,20250218,20,20250131,0,3,17,85.0,10,inactive,20250204.0,euthanasia,Jeremy Delahanty,No,80,"('2E.282',)",Yes,60,2025-01-21,2025-02-18,2025-01-31,2025-02-04,15.0,Casper,0.25,High (2-4mL/fish),4.0
52,14783_2,14783,Casper_HHMI,20250121,20250218,20,20250201,0,3,17,85.0,11,inactive,20250204.0,euthanasia,Jeremy Delahanty,No,80,"('2E.282',)",Yes,60,2025-01-21,2025-02-18,2025-02-01,2025-02-04,15.0,Casper,0.25,High (2-4mL/fish),4.0
53,14783_2,14783,Casper_HHMI,20250121,20250218,20,20250202,2,5,15,75.0,12,inactive,20250204.0,euthanasia,Jeremy Delahanty,No,80,"('2E.282',)",Yes,60,2025-01-21,2025-02-18,2025-02-02,2025-02-04,25.0,Casper,0.25,High (2-4mL/fish),4.0
54,14783_2,14783,Casper_HHMI,20250121,20250218,20,20250203,2,7,13,65.0,13,inactive,20250204.0,euthanasia,Jeremy Delahanty,No,80,"('2E.282',)",Yes,60,2025-01-21,2025-02-18,2025-02-03,2025-02-04,35.0,Casper,0.25,High (2-4mL/fish),4.0
55,14783_2,14783,Casper_HHMI,20250121,20250218,20,20250204,0,7,13,65.0,14,inactive,20250204.0,euthanasia,Jeremy Delahanty,No,80,"('2E.282',)",Yes,60,2025-01-21,2025-02-18,2025-02-04,2025-02-04,35.0,Casper,0.25,High (2-4mL/fish),4.0
56,14783_3,14783,Casper_HHMI,20250121,20250218,23,20250128,0,0,23,100.0,7,inactive,20250204.0,euthanasia,Jeremy Delahanty,No,80,"('2E.282',)",Yes,60,2025-01-21,2025-02-18,2025-01-28,2025-02-04,0.0,Casper,0.2875,High (2-4mL/fish),3.4782608695652173
57,14783_3,14783,Casper_HHMI,20250121,20250218,23,20250129,0,0,23,100.0,8,inactive,20250204.0,euthanasia,Jeremy Delahanty,No,80,"('2E.282',)",Yes,60,2025-01-21,2025-02-18,2025-01-29,2025-02-04,0.0,Casper,0.2875,High (2-4mL/fish),3.4782608695652173
58,14783_3,14783,Casper_HHMI,20250121,20250218,23,20250130,1,1,22,95.65217391304348,9,inactive,20250204.0,euthanasia,Jeremy Delahanty,No,80,"('2E.282',)",Yes,60,2025-01-21,2025-02-18,2025-01-30,2025-02-04,4.3478260869565215,Casper,0.2875,High (2-4mL/fish),3.4782608695652173
59,14783_3,14783,Casper_HHMI,20250121,20250218,23,20250131,1,2,21,91.30434782608695,10,inactive,20250204.0,euthanasia,Jeremy Delahanty,No,80,"('2E.282',)",Yes,60,2025-01-21,2025-02-18,2025-01-31,2025-02-04,8.695652173913043,Casper,0.2875,High (2-4mL/fish),3.4782608695652173
60,14783_3,14783,Casper_HHMI,20250121,20250218,23,20250201,0,2,21,91.30434782608695,11,inactive,20250204.0,euthanasia,Jeremy Delahanty,No,80,"('2E.282',)",Yes,60,2025-01-21,2025-02-18,2025-02-01,2025-02-04,8.695652173913043,Casper,0.2875,High (2-4mL/fish),3.4782608695652173
61,14783_3,14783,Casper_HHMI,20250121,20250218,23,20250202,3,5,18,78.26086956521739,12,inactive,20250204.0,euthanasia,Jeremy Delahanty,No,80,"('2E.282',)",Yes,60,2025-01-21,2025-02-18,2025-02-02,2025-02-04,21.73913043478261,Casper,0.2875,High (2-4mL/fish),3.4782608695652173
62,14783_3,14783,Casper_HHMI,20250121,20250218,23,20250203,5,10,13,56.52173913043478,13,inactive,20250204.0,euthanasia,Jeremy Delahanty,No,80,"('2E.282',)",Yes,0,2025-01-21,2025-02-18,2025-02-03,2025-02-04,43.47826086956522,Casper,0.2875,High (2-4mL/fish),3.4782608695652173
63,14783_3,14783,Casper_HHMI,20250121,20250218,23,20250204,2,12,11,47.82608695652174,14,inactive,20250204.0,euthanasia,Jeremy Delahanty,No,80,"('2E.282',)",Yes,60,2025-01-21,2025-02-18,2025-02-04,2025-02-04,52.17391304347826,Casper,0.2875,High (2-4mL/fish),3.4782608695652173
64,14783_4,14783,Casper_HHMI,20250121,20250218,45,20250128,0,0,45,100.0,7,inactive,20250204.0,euthanasia,Jeremy Delahanty,No,80,"('2E.282',)",Yes,60,2025-01-21,2025-02-18,2025-01-28,2025-02-04,0.0,Casper,0.5625,Very High (<2mL/fish),1.7777777777777777
65,14783_4,14783,Casper_HHMI,20250121,20250218,45,20250129,4,4,41,91.11111111111111,8,inactive,20250204.0,euthanasia,Jeremy Delahanty,No,80,"('2E.282',)",Yes,60,2025-01-21,2025-02-18,2025-01-29,2025-02-04,8.88888888888889,Casper,0.5625,Very High (<2mL/fish),1.7777777777777777
66,14783_4,14783,Casper_HHMI,20250121,20250218,45,20250130,1,5,40,88.88888888888889,9,inactive,20250204.0,euthanasia,Jeremy Delahanty,No,80,"('2E.282',)",Yes,60,2025-01-21,2025-02-18,2025-01-30,2025-02-04,11.11111111111111,Casper,0.5625,Very High (<2mL/fish),1.7777777777777777
67,14783_4,14783,Casper_HHMI,20250121,20250218,45,20250131,0,5,40,88.88888888888889,10,inactive,20250204.0,euthanasia,Jeremy Delahanty,No,80,"('2E.282',)",Yes,60,2025-01-21,2025-02-18,2025-01-31,2025-02-04,11.11111111111111,Casper,0.5625,Very High (<2mL/fish),1.7777777777777777
68,14783_4,14783,Casper_HHMI,20250121,20250218,45,20250201,0,5,40,88.88888888888889,11,inactive,20250204.0,euthanasia,Jeremy Delahanty,No,80,"('2E.282',)",Yes,60,2025-01-21,2025-02-18,2025-02-01,2025-02-04,11.11111111111111,Casper,0.5625,Very High (<2mL/fish),1.7777777777777777
69,14783_4,14783,Casper_HHMI,20250121,20250218,45,20250202,12,17,28,62.22222222222222,12,inactive,20250204.0,euthanasia,Jeremy Delahanty,No,80,"('2E.282',)",Yes,60,2025-01-21,2025-02-18,2025-02-02,2025-02-04,37.77777777777778,Casper,0.5625,Very High (<2mL/fish),1.7777777777777777
70,14783_4,14783,Casper_HHMI,20250121,20250218,45,20250203,8,25,20,44.44444444444444,13,inactive,20250204.0,euthanasia,Jeremy Delahanty,No,80,"('2E.282',)",Yes,60,2025-01-21,2025-02-18,2025-02-03,2025-02-04,55.55555555555556,Casper,0.5625,Very High (<2mL/fish),1.7777777777777777
71,14783_4,14783,Casper_HHMI,20250121,20250218,45,20250204,5,30,15,33.33333333333333,14,inactive,20250204.0,euthanasia,Jeremy Delahanty,No,80,"('2E.282',)",Yes,60,2025-01-21,2025-02-18,2025-02-04,2025-02-04,66.66666666666666,Casper,0.5625,Very High (<2mL/fish),1.7777777777777777
72,14783_5,14783,Casper_HHMI,20250121,20250218,20,20250128,0,0,20,100.0,7,inactive,20250204.0,euthanasia,Jeremy Delahanty,No,80,"('2E.282',)",Yes,60,2025-01-21,2025-02-18,2025-01-28,2025-02-04,0.0,Casper,0.25,High (2-4mL/fish),4.0
73,14783_5,14783,Casper_HHMI,20250121,20250218,20,20250129,0,0,20,100.0,8,inactive,20250204.0,euthanasia,Jeremy Delahanty,No,80,"('2E.282',)",Yes,60,2025-01-21,2025-02-18,2025-01-29,2025-02-04,0.0,Casper,0.25,High (2-4mL/fish),4.0
74,14783_5,14783,Casper_HHMI,20250121,20250218,20,20250130,1,1,19,95.0,9,inactive,20250204.0,euthanasia,Jeremy Delahanty,No,80,"('2E.282',)",Yes,60,2025-01-21,2025-02-18,2025-01-30,2025-02-04,5.0,Casper,0.25,High (2-4mL/fish),4.0
75,14783_5,14783,Casper_HHMI,20250121,20250218,20,20250131,0,1,19,95.0,10,inactive,20250204.0,euthanasia,Jeremy Delahanty,No,80,"('2E.282',)",Yes,60,2025-01-21,2025-02-18,2025-01-31,2025-02-04,5.0,Casper,0.25,High (2-4mL/fish),4.0
76,14783_5,14783,Casper_HHMI,20250121,20250218,20,20250201,0,1,19,95.0,11,inactive,20250204.0,euthanasia,Jeremy Delahanty,No,80,"('2E.282',)",Yes,60,2025-01-21,2025-02-18,2025-02-01,2025-02-04,5.0,Casper,0.25,High (2-4mL/fish),4.0
77,14783_5,14783,Casper_HHMI,20250121,20250218,20,20250202,4,5,15,75.0,12,inactive,20250204.0,euthanasia,Jeremy Delahanty,No,80,"('2E.282',)",Yes,60,2025-01-21,2025-02-18,2025-02-02,2025-02-04,25.0,Casper,0.25,High (2-4mL/fish),4.0
78,14783_5,14783,Casper_HHMI,20250121,20250218,20,20250203,4,9,11,55.00000000000001,13,inactive,20250204.0,euthanasia,Jeremy Delahanty,No,80,"('2E.282',)",Yes,60,2025-01-21,2025-02-18,2025-02-03,2025-02-04,45.0,Casper,0.25,High (2-4mL/fish),4.0
79,14783_5,14783,Casper_HHMI,20250121,20250218,20,20250204,0,9,11,55.00000000000001,14,inactive,20250204.0,euthanasia,Jeremy Delahanty,No,80,"('2E.282',)",Yes,60,2025-01-21,2025-02-18,2025-02-04,2025-02-04,45.0,Casper,0.25,High (2-4mL/fish),4.0
80,14783_6,14783,Casper_HHMI,20250121,20250218,20,20250128,0,0,20,100.0,7,inactive,20250204.0,euthanasia,Jeremy Delahanty,No,80,"('2E.282',)",Yes,60,2025-01-21,2025-02-18,2025-01-28,2025-02-04,0.0,Casper,0.25,High (2-4mL/fish),4.0
81,14783_6,14783,Casper_HHMI,20250121,20250218,20,20250129,0,0,20,100.0,8,inactive,20250204.0,euthanasia,Jeremy Delahanty,No,80,"('2E.282',)",Yes,60,2025-01-21,2025-02-18,2025-01-29,2025-02-04,0.0,Casper,0.25,High (2-4mL/fish),4.0
82,14783_6,14783,Casper_HHMI,20250121,20250218,20,20250130,1,1,19,95.0,9,inactive,20250204.0,euthanasia,Jeremy Delahanty,No,80,"('2E.282',)",Yes,60,2025-01-21,2025-02-18,2025-01-30,2025-02-04,5.0,Casper,0.25,High (2-4mL/fish),4.0
83,14783_6,14783,Casper_HHMI,20250121,20250218,20,20250131,1,2,18,90.0,10,inactive,20250204.0,euthanasia,Jeremy Delahanty,No,80,"('2E.282',)",Yes,60,2025-01-21,2025-02-18,2025-01-31,2025-02-04,10.0,Casper,0.25,High (2-4mL/fish),4.0
84,14783_6,14783,Casper_HHMI,20250121,20250218,20,20250201,0,2,18,90.0,11,inactive,20250204.0,euthanasia,Jeremy Delahanty,No,80,"('2E.282',)",Yes,60,2025-01-21,2025-02-18,2025-02-01,2025-02-04,10.0,Casper,0.25,High (2-4mL/fish),4.0
85,14783_6,14783,Casper_HHMI,20250121,20250218,20,20250202,6,8,12,60.0,12,inactive,20250204.0,euthanasia,Jeremy Delahanty,No,80,"('2E.282',)",Yes,60,2025-01-21,2025-02-18,2025-02-02,2025-02-04,40.0,Casper,0.25,High (2-4mL/fish),4.0
86,14783_6,14783,Casper_HHMI,20250121,20250218,20,20250203,7,15,5,25.0,13,inactive,20250204.0,euthanasia,Jeremy Delahanty,No,80,"('2E.282',)",Yes,60,2025-01-21,2025-02-18,2025-02-03,2025-02-04,75.0,Casper,0.25,High (2-4mL/fish),4.0
87,14783_6,14783,Casper_HHMI,20250121,20250218,20,20250204,2,17,3,15.0,14,inactive,20250204.0,euthanasia,Jeremy Delahanty,No,80,"('2E.282',)",Yes,60,2025-01-21,2025-02-18,2025-02-04,2025-02-04,85.0,Casper,0.25,High (2-4mL/fish),4.0
88,14783_7,14783,Casper_HHMI,20250121,20250218,60,20250128,0,0,60,100.0,7,inactive,20250204.0,euthanasia,Jeremy Delahanty,No,80,"('2E.282',)",Yes,60,2025-01-21,2025-02-18,2025-01-28,2025-02-04,0.0,Casper,0.75,Very High (<2mL/fish),1.3333333333333333
89,14783_7,14783,Casper_HHMI,20250121,20250218,60,20250129,0,0,60,100.0,8,inactive,20250204.0,euthanasia,Jeremy Delahanty,No,80,"('2E.282',)",Yes,60,2025-01-21,2025-02-18,2025-01-29,2025-02-04,0.0,Casper,0.75,Very High (<2mL/fish),1.3333333333333333
90,14783_7,14783,Casper_HHMI,20250121,20250218,60,20250130,0,0,60,100.0,9,inactive,20250204.0,euthanasia,Jeremy Delahanty,No,80,"('2E.282',)",Yes,60,2025-01-21,2025-02-18,2025-01-30,2025-02-04,0.0,Casper,0.75,Very High (<2mL/fish),1.3333333333333333
91,14783_7,14783,Casper_HHMI,20250121,20250218,60,20250131,0,0,60,100.0,10,inactive,20250204.0,euthanasia,Jeremy Delahanty,No,80,"('2E.282',)",Yes,60,2025-01-21,2025-02-18,2025-01-31,2025-02-04,0.0,Casper,0.75,Very High (<2mL/fish),1.3333333333333333
92,14783_7,14783,Casper_HHMI,20250121,20250218,60,20250201,0,0,60,100.0,11,inactive,20250204.0,euthanasia,Jeremy Delahanty,No,80,"('2E.282',)",Yes,60,2025-01-21,2025-02-18,2025-02-01,2025-02-04,0.0,Casper,0.75,Very High (<2mL/fish),1.3333333333333333
93,14783_7,14783,Casper_HHMI,20250121,20250218,60,20250202,4,4,56,93.33333333333331,12,inactive,20250204.0,euthanasia,Jeremy Delahanty,No,80,"('2E.282',)",Yes,60,2025-01-21,2025-02-18,2025-02-02,2025-02-04,6.666666666666667,Casper,0.75,Very High (<2mL/fish),1.3333333333333333
94,14783_7,14783,Casper_HHMI,20250121,20250218,60,20250203,1,5,55,91.66666666666666,13,inactive,20250204.0,euthanasia,Jeremy Delahanty,No,80,"('2E.282',)",Yes,60,2025-01-21,2025-02-18,2025-02-03,2025-02-04,8.333333333333332,Casper,0.75,Very High (<2mL/fish),1.3333333333333333
95,14783_7,14783,Casper_HHMI,20250121,20250218,60,20250204,2,7,53,88.33333333333333,14,inactive,20250204.0,euthanasia,Jeremy Delahanty,No,80,"('2E.282',)",Yes,60,2025-01-21,2025-02-18,2025-02-04,2025-02-04,11.666666666666666,Casper,0.75,Very High (<2mL/fish),1.3333333333333333
96,14783_8,14783,Casper_HHMI,20250121,20250218,60,20250128,0,0,60,100.0,7,inactive,20250204.0,euthanasia,Jeremy Delahanty,No,80,"('2E.282',)",Yes,60,2025-01-21,2025-02-18,2025-01-28,2025-02-04,0.0,Casper,0.75,Very High (<2mL/fish),1.3333333333333333
97,14783_8,14783,Casper_HHMI,20250121,20250218,60,20250129,0,0,60,100.0,8,inactive,20250204.0,euthanasia,Jeremy Delahanty,No,80,"('2E.282',)",Yes,60,2025-01-21,2025-02-18,2025-01-29,2025-02-04,0.0,Casper,0.75,Very High (<2mL/fish),1.3333333333333333
98,14783_8,14783,Casper_HHMI,20250121,20250218,60,20250130,1,1,59,98.33333333333331,9,inactive,20250204.0,euthanasia,Jeremy Delahanty,No,80,"('2E.282',)",Yes,60,2025-01-21,2025-02-18,2025-01-30,2025-02-04,1.6666666666666667,Casper,0.75,Very High (<2mL/fish),1.3333333333333333
99,14783_8,14783,Casper_HHMI,20250121,20250218,60,20250131,16,17,43,71.66666666666667,10,inactive,20250204.0,euthanasia,Jeremy Delahanty,No,80,"('2E.282',)",Yes,60,2025-01-21,2025-02-18,2025-01-31,2025-02-04,28.333333333333332,Casper,0.75,Very High (<2mL/fish),1.3333333333333333
100,14783_8,14783,Casper_HHMI,20250121,20250218,60,20250201,0,17,43,71.66666666666667,11,inactive,20250204.0,euthanasia,Jeremy Delahanty,No,80,"('2E.282',)",Yes,60,2025-01-21,2025-02-18,2025-02-01,2025-02-04,28.333333333333332,Casper,0.75,Very High (<2mL/fish),1.3333333333333333
101,14783_8,14783,Casper_HHMI,20250121,20250218,60,20250202,32,49,11,18.33333333333333,12,inactive,20250204.0,euthanasia,Jeremy Delahanty,No,80,"('2E.282',)",Yes,60,2025-01-21,2025-02-18,2025-02-02,2025-02-04,81.66666666666667,Casper,0.75,Very High (<2mL/fish),1.3333333333333333
102,14783_8,14783,Casper_HHMI,20250121,20250218,60,20250203,4,53,7,11.666666666666666,13,inactive,20250204.0,euthanasia,Jeremy Delahanty,No,80,"('2E.282',)",Yes,60,2025-01-21,2025-02-18,2025-02-03,2025-02-04,88.33333333333333,Casper,0.75,Very High (<2mL/fish),1.3333333333333333
103,14783_8,14783,Casper_HHMI,20250121,20250218,60,20250204,2,55,5,8.333333333333332,14,inactive,20250204.0,euthanasia,Jeremy Delahanty,No,80,"('2E.282',)",Yes,60,2025-01-21,2025-02-18,2025-02-04,2025-02-04,91.66666666666666,Casper,0.75,Very High (<2mL/fish),1.3333333333333333
104,14783_9,14783,Casper_HHMI,20250121,20250218,20,20250128,0,0,20,100.0,7,inactive,20250204.0,euthanasia,Jeremy Delahanty,No,80,"('2E.282',)",Yes,60,2025-01-21,2025-02-18,2025-01-28,2025-02-04,0.0,Casper,0.25,High (2-4mL/fish),4.0
105,14783_9,14783,Casper_HHMI,20250121,20250218,20,20250129,0,0,20,100.0,8,inactive,20250204.0,euthanasia,Jeremy Delahanty,No,80,"('2E.282',)",Yes,60,2025-01-21,2025-02-18,2025-01-29,2025-02-04,0.0,Casper,0.25,High (2-4mL/fish),4.0
106,14783_9,14783,Casper_HHMI,20250121,20250218,20,20250130,0,0,20,100.0,9,inactive,20250204.0,euthanasia,Jeremy Delahanty,No,80,"('2E.282',)",Yes,60,2025-01-21,2025-02-18,2025-01-30,2025-02-04,0.0,Casper,0.25,High (2-4mL/fish),4.0
107,14783_9,14783,Casper_HHMI,20250121,20250218,20,20250131,0,0,20,100.0,10,inactive,20250204.0,euthanasia,Jeremy Delahanty,No,80,"('2E.282',)",Yes,60,2025-01-21,2025-02-18,2025-01-31,2025-02-04,0.0,Casper,0.25,High (2-4mL/fish),4.0
108,14783_9,14783,Casper_HHMI,20250121,20250218,20,20250201,0,0,20,100.0,11,inactive,20250204.0,euthanasia,Jeremy Delahanty,No,80,"('2E.282',)",Yes,60,2025-01-21,2025-02-18,2025-02-01,2025-02-04,0.0,Casper,0.25,High (2-4mL/fish),4.0
109,14783_9,14783,Casper_HHMI,20250121,20250218,20,20250202,4,4,16,80.0,12,inactive,20250204.0,euthanasia,Jeremy Delahanty,No,80,"('2E.282',)",Yes,60,2025-01-21,2025-02-18,2025-02-02,2025-02-04,20.0,Casper,0.25,High (2-4mL/fish),4.0
110,14783_9,14783,Casper_HHMI,20250121,20250218,20,20250203,0,4,16,80.0,13,inactive,20250204.0,euthanasia,Jeremy Delahanty,No,80,"('2E.282',)",Yes,60,2025-01-21,2025-02-18,2025-02-03,2025-02-04,20.0,Casper,0.25,High (2-4mL/fish),4.0
111,14783_9,14783,Casper_HHMI,20250121,20250218,20,20250204,3,7,13,65.0,14,inactive,20250204.0,euthanasia,Jeremy Delahanty,No,80,"('2E.282',)",Yes,60,2025-01-21,2025-02-18,2025-02-04,2025-02-04,35.0,Casper,0.25,High (2-4mL/fish),4.0
112,14841_10,14841,Casper_HHMI,20250129,20250224,20,20250204,0,0,20,100.0,6,inactive,20250211.0,euthanasia,Jeremy Delahanty,No,80,"('2E.282',)",Yes,60,2025-01-29,2025-02-24,2025-02-04,2025-02-11,0.0,Casper,0.25,High (2-4mL/fish),4.0
113,14841_10,14841,Casper_HHMI,20250129,20250224,20,20250205,0,0,20,100.0,7,inactive,20250211.0,euthanasia,Jeremy Delahanty,No,80,"('2E.282',)",Yes,60,2025-01-29,2025-02-24,2025-02-05,2025-02-11,0.0,Casper,0.25,High (2-4mL/fish),4.0
114,14841_10,14841,Casper_HHMI,20250129,20250224,20,20250206,0,0,20,100.0,8,inactive,20250211.0,euthanasia,Jeremy Delahanty,No,80,"('2E.282',)",Yes,60,2025-01-29,2025-02-24,2025-02-06,2025-02-11,0.0,Casper,0.25,High (2-4mL/fish),4.0
115,14841_10,14841,Casper_HHMI,20250129,20250224,20,20250207,0,0,20,100.0,9,inactive,20250211.0,euthanasia,Jeremy Delahanty,No,80,"('2E.282',)",Yes,60,2025-01-29,2025-02-24,2025-02-07,2025-02-11,0.0,Casper,0.25,High (2-4mL/fish),4.0
116,14841_10,14841,Casper_HHMI,20250129,20250224,20,20250208,1,1,19,95.0,10,inactive,20250211.0,euthanasia,Jeremy Delahanty,No,80,"('2E.282',)",Yes,60,2025-01-29,2025-02-24,2025-02-08,2025-02-11,5.0,Casper,0.25,High (2-4mL/fish),4.0
117,14841_10,14841,Casper_HHMI,20250129,20250224,20,20250209,1,2,18,90.0,11,inactive,20250211.0,euthanasia,Jeremy Delahanty,No,80,"('2E.282',)",Yes,60,2025-01-29,2025-02-24,2025-02-09,2025-02-11,10.0,Casper,0.25,High (2-4mL/fish),4.0
118,14841_10,14841,Casper_HHMI,20250129,20250224,20,20250210,1,3,17,85.0,12,inactive,20250211.0,euthanasia,Jeremy Delahanty,No,80,"('2E.282',)",Yes,60,2025-01-29,2025-02-24,2025-02-10,2025-02-11,15.0,Casper,0.25,High (2-4mL/fish),4.0
119,14841_10,14841,Casper_HHMI,20250129,20250224,20,20250211,6,9,11,55.00000000000001,13,inactive,20250211.0,euthanasia,Jeremy Delahanty,No,80,"('2E.282',)",Yes,60,2025-01-29,2025-02-24,2025-02-11,2025-02-11,45.0,Casper,0.25,High (2-4mL/fish),4.0
120,14841_11,14841,Casper_HHMI,20250129,20250224,21,20250204,0,0,21,100.0,6,inactive,20250211.0,euthanasia,Jeremy Delahanty,No,80,"('2E.282',)",Yes,60,2025-01-29,2025-02-24,2025-02-04,2025-02-11,0.0,Casper,0.2625,High (2-4mL/fish),3.8095238095238093
121,14841_11,14841,Casper_HHMI,20250129,20250224,21,20250205,0,0,21,100.0,7,inactive,20250211.0,euthanasia,Jeremy Delahanty,No,80,"('2E.282',)",Yes,60,2025-01-29,2025-02-24,2025-02-05,2025-02-11,0.0,Casper,0.2625,High (2-4mL/fish),3.8095238095238093
122,14841_11,14841,Casper_HHMI,20250129,20250224,21,20250206,0,0,21,100.0,8,inactive,20250211.0,euthanasia,Jeremy Delahanty,No,80,"('2E.282',)",Yes,60,2025-01-29,2025-02-24,2025-02-06,2025-02-11,0.0,Casper,0.2625,High (2-4mL/fish),3.8095238095238093
123,14841_11,14841,Casper_HHMI,20250129,20250224,21,20250207,0,0,21,100.0,9,inactive,20250211.0,euthanasia,Jeremy Delahanty,No,80,"('2E.282',)",Yes,60,2025-01-29,2025-02-24,2025-02-07,2025-02-11,0.0,Casper,0.2625,High (2-4mL/fish),3.8095238095238093
124,14841_11,14841,Casper_HHMI,20250129,20250224,21,20250208,1,1,20,95.23809523809524,10,inactive,20250211.0,euthanasia,Jeremy Delahanty,No,80,"('2E.282',)",Yes,60,2025-01-29,2025-02-24,2025-02-08,2025-02-11,4.761904761904762,Casper,0.2625,High (2-4mL/fish),3.8095238095238093
125,14841_11,14841,Casper_HHMI,20250129,20250224,21,20250209,0,1,20,95.23809523809524,11,inactive,20250211.0,euthanasia,Jeremy Delahanty,No,80,"('2E.282',)",Yes,60,2025-01-29,2025-02-24,2025-02-09,2025-02-11,4.761904761904762,Casper,0.2625,High (2-4mL/fish),3.8095238095238093
126,14841_11,14841,Casper_HHMI,20250129,20250224,21,20250210,5,6,15,71.42857142857143,12,inactive,20250211.0,euthanasia,Jeremy Delahanty,No,80,"('2E.282',)",Yes,60,2025-01-29,2025-02-24,2025-02-10,2025-02-11,28.57142857142857,Casper,0.2625,High (2-4mL/fish),3.8095238095238093
127,14841_11,14841,Casper_HHMI,20250129,20250224,21,20250211,3,9,12,57.14285714285714,13,inactive,20250211.0,euthanasia,Jeremy Delahanty,No,80,"('2E.282',)",Yes,60,2025-01-29,2025-02-24,2025-02-11,2025-02-11,42.857142857142854,Casper,0.2625,High (2-4mL/fish),3.8095238095238093
128,14841_12,14841,Casper_HHMI,20250129,20250224,141,20250204,0,0,141,100.0,6,inactive,20250211.0,euthanasia,Jeremy Delahanty,Yes,300,"('2E.282',)",Yes,150,2025-01-29,2025-02-24,2025-02-04,2025-02-11,0.0,Casper,0.47,High (2-4mL/fish),2.127659574468085
129,14841_12,14841,Casper_HHMI,20250129,20250224,141,20250205,0,0,141,100.0,7,inactive,20250211.0,euthanasia,Jeremy Delahanty,Yes,300,"('2E.282',)",Yes,150,2025-01-29,2025-02-24,2025-02-05,2025-02-11,0.0,Casper,0.47,High (2-4mL/fish),2.127659574468085
130,14841_12,14841,Casper_HHMI,20250129,20250224,141,20250206,0,0,141,100.0,8,inactive,20250211.0,euthanasia,Jeremy Delahanty,Yes,300,"('2E.282',)",Yes,150,2025-01-29,2025-02-24,2025-02-06,2025-02-11,0.0,Casper,0.47,High (2-4mL/fish),2.127659574468085
131,14841_12,14841,Casper_HHMI,20250129,20250224,141,20250207,0,0,141,100.0,9,inactive,20250211.0,euthanasia,Jeremy Delahanty,Yes,300,"('2E.282',)",Yes,150,2025-01-29,2025-02-24,2025-02-07,2025-02-11,0.0,Casper,0.47,High (2-4mL/fish),2.127659574468085
132,14841_12,14841,Casper_HHMI,20250129,20250224,141,20250208,37,37,104,73.75886524822694,10,inactive,20250211.0,euthanasia,Jeremy Delahanty,Yes,300,"('2E.282',)",Yes,150,2025-01-29,2025-02-24,2025-02-08,2025-02-11,26.24113475177305,Casper,0.47,High (2-4mL/fish),2.127659574468085
133,14841_12,14841,Casper_HHMI,20250129,20250224,141,20250209,26,63,78,55.319148936170215,11,inactive,20250211.0,euthanasia,Jeremy Delahanty,Yes,300,"('2E.282',)",Yes,150,2025-01-29,2025-02-24,2025-02-09,2025-02-11,44.680851063829785,Casper,0.47,High (2-4mL/fish),2.127659574468085
134,14841_12,14841,Casper_HHMI,20250129,20250224,141,20250210,57,120,21,14.893617021276595,12,inactive,20250211.0,euthanasia,Jeremy Delahanty,Yes,300,"('2E.282',)",Yes,150,2025-01-29,2025-02-24,2025-02-10,2025-02-11,85.1063829787234,Casper,0.47,High (2-4mL/fish),2.127659574468085
135,14841_12,14841,Casper_HHMI,20250129,20250224,141,20250211,21,141,0,0.0,13,inactive,20250211.0,euthanasia,Jeremy Delahanty,Yes,300,"('2E.282',)",Yes,150,2025-01-29,2025-02-24,2025-02-11,2025-02-11,100.0,Casper,0.47,High (2-4mL/fish),2.127659574468085
136,14841_13,14841,Casper_HHMI,20250129,20250224,89,20250204,0,0,89,100.0,6,inactive,20250211.0,euthanasia,Jeremy Delahanty,No,80,"('2E.282',)",Yes,60,2025-01-29,2025-02-24,2025-02-04,2025-02-11,0.0,Casper,1.1125,Very High (<2mL/fish),0.898876404494382
137,14841_13,14841,Casper_HHMI,20250129,20250224,89,20250205,1,1,88,98.87640449438202,7,inactive,20250211.0,euthanasia,Jeremy Delahanty,No,80,"('2E.282',)",Yes,60,2025-01-29,2025-02-24,2025-02-05,2025-02-11,1.1235955056179776,Casper,1.1125,Very High (<2mL/fish),0.898876404494382
138,14841_13,14841,Casper_HHMI,20250129,20250224,89,20250206,0,1,88,98.87640449438202,8,inactive,20250211.0,euthanasia,Jeremy Delahanty,No,80,"('2E.282',)",Yes,60,2025-01-29,2025-02-24,2025-02-06,2025-02-11,1.1235955056179776,Casper,1.1125,Very High (<2mL/fish),0.898876404494382
139,14841_13,14841,Casper_HHMI,20250129,20250224,89,20250207,0,1,88,98.87640449438202,9,inactive,20250211.0,euthanasia,Jeremy Delahanty,No,80,"('2E.282',)",Yes,60,2025-01-29,2025-02-24,2025-02-07,2025-02-11,1.1235955056179776,Casper,1.1125,Very High (<2mL/fish),0.898876404494382
140,14841_13,14841,Casper_HHMI,20250129,20250224,89,20250208,12,13,76,85.39325842696628,10,inactive,20250211.0,euthanasia,Jeremy Delahanty,No,80,"('2E.282',)",Yes,60,2025-01-29,2025-02-24,2025-02-08,2025-02-11,14.606741573033707,Casper,1.1125,Very High (<2mL/fish),0.898876404494382
141,14841_13,14841,Casper_HHMI,20250129,20250224,89,20250209,7,20,69,77.52808988764045,11,inactive,20250211.0,euthanasia,Jeremy Delahanty,No,80,"('2E.282',)",Yes,60,2025-01-29,2025-02-24,2025-02-09,2025-02-11,22.47191011235955,Casper,1.1125,Very High (<2mL/fish),0.898876404494382
142,14841_13,14841,Casper_HHMI,20250129,20250224,89,20250210,47,67,22,24.719101123595504,12,inactive,20250211.0,euthanasia,Jeremy Delahanty,No,80,"('2E.282',)",Yes,60,2025-01-29,2025-02-24,2025-02-10,2025-02-11,75.28089887640449,Casper,1.1125,Very High (<2mL/fish),0.898876404494382
143,14841_13,14841,Casper_HHMI,20250129,20250224,89,20250211,11,78,11,12.359550561797752,13,inactive,20250211.0,euthanasia,Jeremy Delahanty,No,80,"('2E.282',)",Yes,60,2025-01-29,2025-02-24,2025-02-11,2025-02-11,87.64044943820225,Casper,1.1125,Very High (<2mL/fish),0.898876404494382
144,14841_14,14841,Casper_HHMI,20250129,20250224,20,20250204,0,0,20,100.0,6,inactive,20250211.0,euthanasia,Jeremy Delahanty,No,80,"('2E.282',)",Yes,60,2025-01-29,2025-02-24,2025-02-04,2025-02-11,0.0,Casper,0.25,High (2-4mL/fish),4.0
145,14841_14,14841,Casper_HHMI,20250129,20250224,20,20250205,1,1,19,95.0,7,inactive,20250211.0,euthanasia,Jeremy Delahanty,No,80,"('2E.282',)",Yes,60,2025-01-29,2025-02-24,2025-02-05,2025-02-11,5.0,Casper,0.25,High (2-4mL/fish),4.0
146,14841_14,14841,Casper_HHMI,20250129,20250224,20,20250206,0,1,19,95.0,8,inactive,20250211.0,euthanasia,Jeremy Delahanty,No,80,"('2E.282',)",Yes,60,2025-01-29,2025-02-24,2025-02-06,2025-02-11,5.0,Casper,0.25,High (2-4mL/fish),4.0
147,14841_14,14841,Casper_HHMI,20250129,20250224,20,20250207,0,1,19,95.0,9,inactive,20250211.0,euthanasia,Jeremy Delahanty,No,80,"('2E.282',)",Yes,60,2025-01-29,2025-02-24,2025-02-07,2025-02-11,5.0,Casper,0.25,High (2-4mL/fish),4.0
148,14841_14,14841,Casper_HHMI,20250129,20250224,20,20250208,0,1,19,95.0,10,inactive,20250211.0,euthanasia,Jeremy Delahanty,No,80,"('2E.282',)",Yes,60,2025-01-29,2025-02-24,2025-02-08,2025-02-11,5.0,Casper,0.25,High (2-4mL/fish),4.0
149,14841_14,14841,Casper_HHMI,20250129,20250224,20,20250209,2,3,17,85.0,11,inactive,20250211.0,euthanasia,Jeremy Delahanty,No,80,"('2E.282',)",Yes,60,2025-01-29,2025-02-24,2025-02-09,2025-02-11,15.0,Casper,0.25,High (2-4mL/fish),4.0
150,14841_14,14841,Casper_HHMI,20250129,20250224,20,20250210,5,8,12,60.0,12,inactive,20250211.0,euthanasia,Jeremy Delahanty,No,80,"('2E.282',)",Yes,60,2025-01-29,2025-02-24,2025-02-10,2025-02-11,40.0,Casper,0.25,High (2-4mL/fish),4.0
151,14841_14,14841,Casper_HHMI,20250129,20250224,20,20250211,3,11,9,45.0,13,inactive,20250211.0,euthanasia,Jeremy Delahanty,No,80,"('2E.282',)",Yes,60,2025-01-29,2025-02-24,2025-02-11,2025-02-11,55.00000000000001,Casper,0.25,High (2-4mL/fish),4.0
152,14841_15,14841,Casper_HHMI,20250129,20250224,20,20250204,0,0,20,100.0,6,inactive,20250211.0,euthanasia,Jeremy Delahanty,No,80,"('2E.282',)",Yes,60,2025-01-29,2025-02-24,2025-02-04,2025-02-11,0.0,Casper,0.25,High (2-4mL/fish),4.0
153,14841_15,14841,Casper_HHMI,20250129,20250224,20,20250205,1,1,19,95.0,7,inactive,20250211.0,euthanasia,Jeremy Delahanty,No,80,"('2E.282',)",Yes,60,2025-01-29,2025-02-24,2025-02-05,2025-02-11,5.0,Casper,0.25,High (2-4mL/fish),4.0
154,14841_15,14841,Casper_HHMI,20250129,20250224,20,20250206,0,1,19,95.0,8,inactive,20250211.0,euthanasia,Jeremy Delahanty,No,80,"('2E.282',)",Yes,60,2025-01-29,2025-02-24,2025-02-06,2025-02-11,5.0,Casper,0.25,High (2-4mL/fish),4.0
155,14841_15,14841,Casper_HHMI,20250129,20250224,20,20250207,0,1,19,95.0,9,inactive,20250211.0,euthanasia,Jeremy Delahanty,No,80,"('2E.282',)",Yes,60,2025-01-29,2025-02-24,2025-02-07,2025-02-11,5.0,Casper,0.25,High (2-4mL/fish),4.0
156,14841_15,14841,Casper_HHMI,20250129,20250224,20,20250208,1,2,18,90.0,10,inactive,20250211.0,euthanasia,Jeremy Delahanty,No,80,"('2E.282',)",Yes,60,2025-01-29,2025-02-24,2025-02-08,2025-02-11,10.0,Casper,0.25,High (2-4mL/fish),4.0
157,14841_15,14841,Casper_HHMI,20250129,20250224,20,20250209,2,4,16,80.0,11,inactive,20250211.0,euthanasia,Jeremy Delahanty,No,80,"('2E.282',)",Yes,60,2025-01-29,2025-02-24,2025-02-09,2025-02-11,20.0,Casper,0.25,High (2-4mL/fish),4.0
158,14841_15,14841,Casper_HHMI,20250129,20250224,20,20250210,2,6,14,70.0,12,inactive,20250211.0,euthanasia,Jeremy Delahanty,No,80,"('2E.282',)",Yes,60,2025-01-29,2025-02-24,2025-02-10,2025-02-11,30.0,Casper,0.25,High (2-4mL/fish),4.0
159,14841_15,14841,Casper_HHMI,20250129,20250224,20,20250211,11,17,3,15.0,13,inactive,20250211.0,euthanasia,Jeremy Delahanty,No,80,"('2E.282',)",Yes,60,2025-01-29,2025-02-24,2025-02-11,2025-02-11,85.0,Casper,0.25,High (2-4mL/fish),4.0
160,14841_16,14841,Casper_HHMI,20250129,20250224,20,20250204,0,0,20,100.0,6,inactive,20250211.0,euthanasia,Jeremy Delahanty,No,80,"('2E.282',)",Yes,60,2025-01-29,2025-02-24,2025-02-04,2025-02-11,0.0,Casper,0.25,High (2-4mL/fish),4.0
161,14841_16,14841,Casper_HHMI,20250129,20250224,20,20250205,1,1,19,95.0,7,inactive,20250211.0,euthanasia,Jeremy Delahanty,No,80,"('2E.282',)",Yes,60,2025-01-29,2025-02-24,2025-02-05,2025-02-11,5.0,Casper,0.25,High (2-4mL/fish),4.0
162,14841_16,14841,Casper_HHMI,20250129,20250224,20,20250206,0,1,19,95.0,8,inactive,20250211.0,euthanasia,Jeremy Delahanty,No,80,"('2E.282',)",Yes,60,2025-01-29,2025-02-24,2025-02-06,2025-02-11,5.0,Casper,0.25,High (2-4mL/fish),4.0
163,14841_16,14841,Casper_HHMI,20250129,20250224,20,20250207,0,1,19,95.0,9,inactive,20250211.0,euthanasia,Jeremy Delahanty,No,80,"('2E.282',)",Yes,60,2025-01-29,2025-02-24,2025-02-07,2025-02-11,5.0,Casper,0.25,High (2-4mL/fish),4.0
164,14841_16,14841,Casper_HHMI,20250129,20250224,20,20250208,0,1,19,95.0,10,inactive,20250211.0,euthanasia,Jeremy Delahanty,No,80,"('2E.282',)",Yes,60,2025-01-29,2025-02-24,2025-02-08,2025-02-11,5.0,Casper,0.25,High (2-4mL/fish),4.0
165,14841_16,14841,Casper_HHMI,20250129,20250224,20,20250209,0,1,19,95.0,11,inactive,20250211.0,euthanasia,Jeremy Delahanty,No,80,"('2E.282',)",Yes,60,2025-01-29,2025-02-24,2025-02-09,2025-02-11,5.0,Casper,0.25,High (2-4mL/fish),4.0
166,14841_16,14841,Casper_HHMI,20250129,20250224,20,20250210,3,4,16,80.0,12,inactive,20250211.0,euthanasia,Jeremy Delahanty,No,80,"('2E.282',)",Yes,60,2025-01-29,2025-02-24,2025-02-10,2025-02-11,20.0,Casper,0.25,High (2-4mL/fish),4.0
167,14841_16,14841,Casper_HHMI,20250129,20250224,20,20250211,2,6,14,70.0,13,inactive,20250211.0,euthanasia,Jeremy Delahanty,No,80,"('2E.282',)",Yes,60,2025-01-29,2025-02-24,2025-02-11,2025-02-11,30.0,Casper,0.25,High (2-4mL/fish),4.0
168,14841_9,14841,Casper_HHMI,20250129,20250224,36,20250204,0,0,36,100.0,6,inactive,20250224.0,euthanasia,Jeremy Delahanty,No,80,"('2E.282',)",Yes,60,2025-01-29,2025-02-24,2025-02-04,2025-02-24,0.0,Casper,0.45,High (2-4mL/fish),2.2222222222222223
169,14841_9,14841,Casper_HHMI,20250129,20250224,36,20250205,2,2,34,94.44444444444444,7,inactive,20250224.0,euthanasia,Jeremy Delahanty,No,80,"('2E.282',)",Yes,60,2025-01-29,2025-02-24,2025-02-05,2025-02-24,5.555555555555555,Casper,0.45,High (2-4mL/fish),2.2222222222222223
170,14841_9,14841,Casper_HHMI,20250129,20250224,36,20250206,0,2,34,94.44444444444444,8,inactive,20250224.0,euthanasia,Jeremy Delahanty,No,80,"('2E.282',)",Yes,60,2025-01-29,2025-02-24,2025-02-06,2025-02-24,5.555555555555555,Casper,0.45,High (2-4mL/fish),2.2222222222222223
171,14841_9,14841,Casper_HHMI,20250129,20250224,36,20250207,0,2,34,94.44444444444444,9,inactive,20250224.0,euthanasia,Jeremy Delahanty,No,80,"('2E.282',)",Yes,60,2025-01-29,2025-02-24,2025-02-07,2025-02-24,5.555555555555555,Casper,0.45,High (2-4mL/fish),2.2222222222222223
172,14841_9,14841,Casper_HHMI,20250129,20250224,36,20250208,1,3,33,91.66666666666666,10,inactive,20250224.0,euthanasia,Jeremy Delahanty,No,80,"('2E.282',)",Yes,60,2025-01-29,2025-02-24,2025-02-08,2025-02-24,8.333333333333332,Casper,0.45,High (2-4mL/fish),2.2222222222222223
173,14841_9,14841,Casper_HHMI,20250129,20250224,36,20250209,2,5,31,86.11111111111111,11,inactive,20250224.0,euthanasia,Jeremy Delahanty,No,80,"('2E.282',)",Yes,60,2025-01-29,2025-02-24,2025-02-09,2025-02-24,13.88888888888889,Casper,0.45,High (2-4mL/fish),2.2222222222222223
174,14841_9,14841,Casper_HHMI,20250129,20250224,36,20250210,7,12,24,66.66666666666666,12,inactive,20250224.0,euthanasia,Jeremy Delahanty,No,80,"('2E.282',)",Yes,60,2025-01-29,2025-02-24,2025-02-10,2025-02-24,33.33333333333333,Casper,0.45,High (2-4mL/fish),2.2222222222222223
175,14841_9,14841,Casper_HHMI,20250129,20250224,36,20250211,11,23,13,36.11111111111111,13,inactive,20250224.0,euthanasia,Jeremy Delahanty,No,80,"('2E.282',)",Yes,60,2025-01-29,2025-02-24,2025-02-11,2025-02-24,63.888888888888886,Casper,0.45,High (2-4mL/fish),2.2222222222222223
176,14841_1,14841,Casper_HHMI,20250129,20250219,96,20250204,0,0,96,100.0,6,inactive,20250211.0,euthanasia,Jeremy Delahanty,Yes,300,"('2E.282',)",Yes,150,2025-01-29,2025-02-19,2025-02-04,2025-02-11,0.0,Casper,0.32,High (2-4mL/fish),3.125
177,14841_1,14841,Casper_HHMI,20250129,20250219,96,20250205,3,3,93,96.875,7,inactive,20250211.0,euthanasia,Jeremy Delahanty,Yes,300,"('2E.282',)",Yes,150,2025-01-29,2025-02-19,2025-02-05,2025-02-11,3.125,Casper,0.32,High (2-4mL/fish),3.125
178,14841_1,14841,Casper_HHMI,20250129,20250219,96,20250206,0,3,93,96.875,8,inactive,20250211.0,euthanasia,Jeremy Delahanty,Yes,300,"('2E.282',)",Yes,150,2025-01-29,2025-02-19,2025-02-06,2025-02-11,3.125,Casper,0.32,High (2-4mL/fish),3.125
179,14841_1,14841,Casper_HHMI,20250129,20250219,96,20250207,12,15,81,84.375,9,inactive,20250211.0,euthanasia,Jeremy Delahanty,Yes,300,"('2E.282',)",Yes,150,2025-01-29,2025-02-19,2025-02-07,2025-02-11,15.625,Casper,0.32,High (2-4mL/fish),3.125
180,14841_1,14841,Casper_HHMI,20250129,20250219,96,20250209,21,36,60,62.5,11,inactive,20250211.0,euthanasia,Jeremy Delahanty,Yes,300,"('2E.282',)",Yes,150,2025-01-29,2025-02-19,2025-02-09,2025-02-11,37.5,Casper,0.32,High (2-4mL/fish),3.125
181,14841_1,14841,Casper_HHMI,20250129,20250219,96,20250210,50,86,10,10.416666666666668,12,inactive,20250211.0,euthanasia,Jeremy Delahanty,Yes,300,"('2E.282',)",Yes,150,2025-01-29,2025-02-19,2025-02-10,2025-02-11,89.58333333333334,Casper,0.32,High (2-4mL/fish),3.125
182,14841_1,14841,Casper_HHMI,20250129,20250219,96,20250211,6,92,4,4.166666666666666,13,inactive,20250211.0,euthanasia,Jeremy Delahanty,Yes,300,"('2E.282',)",Yes,150,2025-01-29,2025-02-19,2025-02-11,2025-02-11,95.83333333333334,Casper,0.32,High (2-4mL/fish),3.125
183,14841_2,14841,Casper_HHMI,20250129,20250224,96,20250204,0,0,96,100.0,6,inactive,20250224.0,euthanasia,Jeremy Delahanty,Yes,300,"('2E.282',)",Yes,150,2025-01-29,2025-02-24,2025-02-04,2025-02-24,0.0,Casper,0.32,High (2-4mL/fish),3.125
184,14841_2,14841,Casper_HHMI,20250129,20250224,96,20250205,0,0,96,100.0,7,inactive,20250224.0,euthanasia,Jeremy Delahanty,Yes,300,"('2E.282',)",Yes,150,2025-01-29,2025-02-24,2025-02-05,2025-02-24,0.0,Casper,0.32,High (2-4mL/fish),3.125
185,14841_2,14841,Casper_HHMI,20250129,20250224,96,20250206,0,0,96,100.0,8,inactive,20250224.0,euthanasia,Jeremy Delahanty,Yes,300,"('2E.282',)",Yes,150,2025-01-29,2025-02-24,2025-02-06,2025-02-24,0.0,Casper,0.32,High (2-4mL/fish),3.125
186,14841_2,14841,Casper_HHMI,20250129,20250224,96,20250207,0,0,96,100.0,9,inactive,20250224.0,euthanasia,Jeremy Delahanty,Yes,300,"('2E.282',)",Yes,150,2025-01-29,2025-02-24,2025-02-07,2025-02-24,0.0,Casper,0.32,High (2-4mL/fish),3.125
187,14841_2,14841,Casper_HHMI,20250129,20250224,96,20250208,12,12,84,87.5,10,inactive,20250224.0,euthanasia,Jeremy Delahanty,Yes,300,"('2E.282',)",Yes,150,2025-01-29,2025-02-24,2025-02-08,2025-02-24,12.5,Casper,0.32,High (2-4mL/fish),3.125
188,14841_2,14841,Casper_HHMI,20250129,20250224,96,20250209,37,49,47,48.95833333333333,11,inactive,20250224.0,euthanasia,Jeremy Delahanty,Yes,300,"('2E.282',)",Yes,150,2025-01-29,2025-02-24,2025-02-09,2025-02-24,51.041666666666664,Casper,0.32,High (2-4mL/fish),3.125
189,14841_2,14841,Casper_HHMI,20250129,20250224,96,20250210,41,90,6,6.25,12,inactive,20250224.0,euthanasia,Jeremy Delahanty,Yes,300,"('2E.282',)",Yes,150,2025-01-29,2025-02-24,2025-02-10,2025-02-24,93.75,Casper,0.32,High (2-4mL/fish),3.125
190,14841_2,14841,Casper_HHMI,20250129,20250224,96,20250211,5,95,1,1.0416666666666663,13,inactive,20250224.0,euthanasia,Jeremy Delahanty,Yes,300,"('2E.282',)",Yes,150,2025-01-29,2025-02-24,2025-02-11,2025-02-24,98.95833333333334,Casper,0.32,High (2-4mL/fish),3.125
191,14841_3,14841,Casper_HHMI,20250129,20250224,20,20250204,0,0,20,100.0,6,inactive,20250211.0,euthanasia,Jeremy Delahanty,No,300,"('2E.282',)",Yes,60,2025-01-29,2025-02-24,2025-02-04,2025-02-11,0.0,Casper,0.06666666666666667,Low (8-15mL/fish),15.0
192,14841_3,14841,Casper_HHMI,20250129,20250224,20,20250205,1,1,19,95.0,7,inactive,20250211.0,euthanasia,Jeremy Delahanty,No,300,"('2E.282',)",Yes,60,2025-01-29,2025-02-24,2025-02-05,2025-02-11,5.0,Casper,0.06666666666666667,Low (8-15mL/fish),15.0
193,14841_3,14841,Casper_HHMI,20250129,20250224,20,20250206,0,1,19,95.0,8,inactive,20250211.0,euthanasia,Jeremy Delahanty,No,300,"('2E.282',)",Yes,60,2025-01-29,2025-02-24,2025-02-06,2025-02-11,5.0,Casper,0.06666666666666667,Low (8-15mL/fish),15.0
194,14841_3,14841,Casper_HHMI,20250129,20250224,20,20250207,1,2,18,90.0,9,inactive,20250211.0,euthanasia,Jeremy Delahanty,No,300,"('2E.282',)",Yes,60,2025-01-29,2025-02-24,2025-02-07,2025-02-11,10.0,Casper,0.06666666666666667,Low (8-15mL/fish),15.0
195,14841_3,14841,Casper_HHMI,20250129,20250224,20,20250208,0,2,18,90.0,10,inactive,20250211.0,euthanasia,Jeremy Delahanty,No,300,"('2E.282',)",Yes,60,2025-01-29,2025-02-24,2025-02-08,2025-02-11,10.0,Casper,0.06666666666666667,Low (8-15mL/fish),15.0
196,14841_3,14841,Casper_HHMI,20250129,20250224,20,20250209,2,4,16,80.0,11,inactive,20250211.0,euthanasia,Jeremy Delahanty,No,300,"('2E.282',)",Yes,60,2025-01-29,2025-02-24,2025-02-09,2025-02-11,20.0,Casper,0.06666666666666667,Low (8-15mL/fish),15.0
197,14841_3,14841,Casper_HHMI,20250129,20250224,20,20250210,2,6,14,70.0,12,inactive,20250211.0,euthanasia,Jeremy Delahanty,No,300,"('2E.282',)",Yes,60,2025-01-29,2025-02-24,2025-02-10,2025-02-11,30.0,Casper,0.06666666666666667,Low (8-15mL/fish),15.0
198,14841_3,14841,Casper_HHMI,20250129,20250224,20,20250211,4,10,10,50.0,13,inactive,20250211.0,euthanasia,Jeremy Delahanty,No,300,"('2E.282',)",Yes,60,2025-01-29,2025-02-24,2025-02-11,2025-02-11,50.0,Casper,0.06666666666666667,Low (8-15mL/fish),15.0
199,14841_4,14841,Casper_HHMI,20250129,20250224,26,20250204,0,0,26,100.0,6,inactive,20250211.0,euthanasia,Jeremy Delahanty,No,80,"('2E.282',)",Yes,60,2025-01-29,2025-02-24,2025-02-04,2025-02-11,0.0,Casper,0.325,High (2-4mL/fish),3.076923076923077
200,14841_4,14841,Casper_HHMI,20250129,20250224,26,20250205,0,0,26,100.0,7,inactive,20250211.0,euthanasia,Jeremy Delahanty,No,80,"('2E.282',)",Yes,60,2025-01-29,2025-02-24,2025-02-05,2025-02-11,0.0,Casper,0.325,High (2-4mL/fish),3.076923076923077
201,14841_4,14841,Casper_HHMI,20250129,20250224,26,20250206,0,0,26,100.0,8,inactive,20250211.0,euthanasia,Jeremy Delahanty,No,80,"('2E.282',)",Yes,60,2025-01-29,2025-02-24,2025-02-06,2025-02-11,0.0,Casper,0.325,High (2-4mL/fish),3.076923076923077
202,14841_4,14841,Casper_HHMI,20250129,20250224,26,20250207,0,0,26,100.0,9,inactive,20250211.0,euthanasia,Jeremy Delahanty,No,80,"('2E.282',)",Yes,60,2025-01-29,2025-02-24,2025-02-07,2025-02-11,0.0,Casper,0.325,High (2-4mL/fish),3.076923076923077
203,14841_4,14841,Casper_HHMI,20250129,20250224,26,20250208,0,0,26,100.0,10,inactive,20250211.0,euthanasia,Jeremy Delahanty,No,80,"('2E.282',)",Yes,60,2025-01-29,2025-02-24,2025-02-08,2025-02-11,0.0,Casper,0.325,High (2-4mL/fish),3.076923076923077
204,14841_4,14841,Casper_HHMI,20250129,20250224,26,20250209,2,2,24,92.3076923076923,11,inactive,20250211.0,euthanasia,Jeremy Delahanty,No,80,"('2E.282',)",Yes,60,2025-01-29,2025-02-24,2025-02-09,2025-02-11,7.6923076923076925,Casper,0.325,High (2-4mL/fish),3.076923076923077
205,14841_4,14841,Casper_HHMI,20250129,20250224,26,20250210,5,7,19,73.07692307692307,12,inactive,20250211.0,euthanasia,Jeremy Delahanty,No,80,"('2E.282',)",Yes,60,2025-01-29,2025-02-24,2025-02-10,2025-02-11,26.923076923076923,Casper,0.325,High (2-4mL/fish),3.076923076923077
206,14841_4,14841,Casper_HHMI,20250129,20250224,26,20250211,4,11,15,57.692307692307686,13,inactive,20250211.0,euthanasia,Jeremy Delahanty,No,80,"('2E.282',)",Yes,60,2025-01-29,2025-02-24,2025-02-11,2025-02-11,42.30769230769231,Casper,0.325,High (2-4mL/fish),3.076923076923077
207,14841_7,14841,Casper_HHMI,20250129,20250224,20,20250204,0,0,20,100.0,6,inactive,20250211.0,euthanasia,Jeremy Delahanty,No,80,"('2E.282',)",Yes,60,2025-01-29,2025-02-24,2025-02-04,2025-02-11,0.0,Casper,0.25,High (2-4mL/fish),4.0
208,14841_7,14841,Casper_HHMI,20250129,20250224,20,20250205,0,0,20,100.0,7,inactive,20250211.0,euthanasia,Jeremy Delahanty,No,80,"('2E.282',)",Yes,60,2025-01-29,2025-02-24,2025-02-05,2025-02-11,0.0,Casper,0.25,High (2-4mL/fish),4.0
209,14841_7,14841,Casper_HHMI,20250129,20250224,20,20250206,0,0,20,100.0,8,inactive,20250211.0,euthanasia,Jeremy Delahanty,No,80,"('2E.282',)",Yes,60,2025-01-29,2025-02-24,2025-02-06,2025-02-11,0.0,Casper,0.25,High (2-4mL/fish),4.0
210,14841_7,14841,Casper_HHMI,20250129,20250224,20,20250207,0,0,20,100.0,9,inactive,20250211.0,euthanasia,Jeremy Delahanty,No,80,"('2E.282',)",Yes,60,2025-01-29,2025-02-24,2025-02-07,2025-02-11,0.0,Casper,0.25,High (2-4mL/fish),4.0
211,14841_7,14841,Casper_HHMI,20250129,20250224,20,20250208,0,0,20,100.0,10,inactive,20250211.0,euthanasia,Jeremy Delahanty,No,80,"('2E.282',)",Yes,1,2025-01-29,2025-02-24,2025-02-08,2025-02-11,0.0,Casper,0.25,High (2-4mL/fish),4.0
212,14841_7,14841,Casper_HHMI,20250129,20250224,20,20250209,1,1,19,95.0,11,inactive,20250211.0,euthanasia,Jeremy Delahanty,No,80,"('2E.282',)",Yes,60,2025-01-29,2025-02-24,2025-02-09,2025-02-11,5.0,Casper,0.25,High (2-4mL/fish),4.0
213,14841_7,14841,Casper_HHMI,20250129,20250224,20,20250210,3,4,16,80.0,12,inactive,20250211.0,euthanasia,Jeremy Delahanty,No,80,"('2E.282',)",Yes,60,2025-01-29,2025-02-24,2025-02-10,2025-02-11,20.0,Casper,0.25,High (2-4mL/fish),4.0
214,14841_7,14841,Casper_HHMI,20250129,20250224,20,20250211,4,8,12,60.0,13,inactive,20250211.0,euthanasia,Jeremy Delahanty,No,80,"('2E.282',)",Yes,60,2025-01-29,2025-02-24,2025-02-11,2025-02-11,40.0,Casper,0.25,High (2-4mL/fish),4.0
215,14841_8,14841,Casper_HHMI,20250129,20250224,26,20250204,0,0,26,100.0,6,inactive,20250211.0,euthanasia,Jeremy Delahanty,No,80,"('2E.282',)",Yes,60,2025-01-29,2025-02-24,2025-02-04,2025-02-11,0.0,Casper,0.325,High (2-4mL/fish),3.076923076923077
216,14841_8,14841,Casper_HHMI,20250129,20250224,26,20250205,0,0,26,100.0,7,inactive,20250211.0,euthanasia,Jeremy Delahanty,No,80,"('2E.282',)",Yes,60,2025-01-29,2025-02-24,2025-02-05,2025-02-11,0.0,Casper,0.325,High (2-4mL/fish),3.076923076923077
217,14841_8,14841,Casper_HHMI,20250129,20250224,26,20250206,0,0,26,100.0,8,inactive,20250211.0,euthanasia,Jeremy Delahanty,No,80,"('2E.282',)",Yes,60,2025-01-29,2025-02-24,2025-02-06,2025-02-11,0.0,Casper,0.325,High (2-4mL/fish),3.076923076923077
218,14841_8,14841,Casper_HHMI,20250129,20250224,26,20250207,0,0,26,100.0,9,inactive,20250211.0,euthanasia,Jeremy Delahanty,No,80,"('2E.282',)",Yes,60,2025-01-29,2025-02-24,2025-02-07,2025-02-11,0.0,Casper,0.325,High (2-4mL/fish),3.076923076923077
219,14841_8,14841,Casper_HHMI,20250129,20250224,26,20250208,0,0,26,100.0,10,inactive,20250211.0,euthanasia,Jeremy Delahanty,No,80,"('2E.282',)",Yes,60,2025-01-29,2025-02-24,2025-02-08,2025-02-11,0.0,Casper,0.325,High (2-4mL/fish),3.076923076923077
220,14841_8,14841,Casper_HHMI,20250129,20250224,26,20250209,2,2,24,92.3076923076923,11,inactive,20250211.0,euthanasia,Jeremy Delahanty,No,80,"('2E.282',)",Yes,60,2025-01-29,2025-02-24,2025-02-09,2025-02-11,7.6923076923076925,Casper,0.325,High (2-4mL/fish),3.076923076923077
221,14841_8,14841,Casper_HHMI,20250129,20250224,26,20250210,4,6,20,76.92307692307693,12,inactive,20250211.0,euthanasia,Jeremy Delahanty,No,80,"('2E.282',)",Yes,60,2025-01-29,2025-02-24,2025-02-10,2025-02-11,23.076923076923077,Casper,0.325,High (2-4mL/fish),3.076923076923077
222,14841_8,14841,Casper_HHMI,20250129,20250224,26,20250211,2,8,18,69.23076923076923,13,inactive,20250211.0,euthanasia,Jeremy Delahanty,No,80,"('2E.282',)",Yes,60,2025-01-29,2025-02-24,2025-02-11,2025-02-11,30.76923076923077,Casper,0.325,High (2-4mL/fish),3.076923076923077
223,14841_3,14841,Casper_HHMI,20250129,20250224,20,20250204,0,0,20,100.0,6,active,,,Jeremy Delahanty,No,80,"('2E.282',)",Yes,60,2025-01-29,2025-02-24,2025-02-04,,0.0,Casper,0.25,High (2-4mL/fish),4.0
224,15016_1,15016,Casper_HHMI,20250226,20250310,20,20250310,0,0,20,100.0,12,active,,,Jeremy Delahanty,No,80,"('2E.282',)",No,0,2025-02-26,2025-03-10,2025-03-10,,0.0,Casper,0.25,High (2-4mL/fish),4.0
225,15016_2,15016,Casper_HHMI,20250226,20250310,21,20250310,0,0,21,100.0,12,active,,,Jeremy Delahanty,No,80,"('2E.282',)",No,0,2025-02-26,2025-03-10,2025-03-10,,0.0,Casper,0.2625,High (2-4mL/fish),3.8095238095238093
226,15016_3,15016,Casper_HHMI,20250226,20250310,21,20250310,0,0,21,100.0,12,active,,,Lab Staff,No,80,"('2E.282',)",No,0,2025-02-26,2025-03-10,2025-03-10,,0.0,Casper,0.2625,High (2-4mL/fish),3.8095238095238093
227,15016_4,15016,Casper_HHMI,20250226,20250310,30,20250310,0,0,30,100.0,12,active,,,Jeremy Delahanty,No,80,"('2E.282',)",No,0,2025-02-26,2025-03-10,2025-03-10,,0.0,Casper,0.375,High (2-4mL/fish),2.6666666666666665
